<channel version="3.0.3">
  <id>61bd42fe-a04d-4d28-b24a-b2432182ccbd</id>
  <nextMetaDataId>3</nextMetaDataId>
  <name>Database Error Writer</name>
  <description></description>
  <enabled>true</enabled>
  <lastModified>
    <time>1402915242603</time>
    <timezone>Africa/Nairobi</timezone>
  </lastModified>
  <revision>4</revision>
  <sourceConnector version="3.0.3">
    <metaDataId>0</metaDataId>
    <name>sourceConnector</name>
    <properties class="com.mirth.connect.connectors.vm.VmReceiverProperties" version="3.0.3">
      <responseConnectorProperties version="3.0.3">
        <responseVariable>None</responseVariable>
        <defaultQueueOnResponses>
          <string>None</string>
          <string>Auto-generate (Before processing)</string>
        </defaultQueueOnResponses>
        <defaultQueueOffResponses>
          <string>None</string>
          <string>Auto-generate (Before processing)</string>
          <string>Auto-generate (After source transformer)</string>
          <string>Auto-generate (Destinations completed)</string>
          <string>Postprocessor</string>
        </defaultQueueOffResponses>
        <respondAfterProcessing>true</respondAfterProcessing>
      </responseConnectorProperties>
    </properties>
    <transformer version="3.0.3">
      <steps>
        <step>
          <sequenceNumber>0</sequenceNumber>
          <name>Entity</name>
          <script>var mapping;try { mapping = msg[&apos;row&apos;][&apos;column1&apos;].toString(); }catch (e) { logger.error(e);  mapping = &apos;&apos;;}channelMap.put(&apos;Entity&apos;, validate( mapping , &apos;&apos;, new Array()));</script>
          <type>Mapper</type>
          <data>
            <entry>
              <string>Variable</string>
              <string>Entity</string>
            </entry>
            <entry>
              <string>Mapping</string>
              <string>msg[&apos;row&apos;][&apos;column1&apos;].toString()</string>
            </entry>
            <entry>
              <string>DefaultValue</string>
              <string></string>
            </entry>
            <entry>
              <string>RegularExpressions</string>
              <list/>
            </entry>
            <entry>
              <string>isGlobal</string>
              <string>channel</string>
            </entry>
          </data>
        </step>
        <step>
          <sequenceNumber>1</sequenceNumber>
          <name>Error</name>
          <script>var error = msg[&apos;row&apos;][&apos;column3&apos;].toString();
error = error.replace(&quot;&lt;/failure&gt;&quot;,&quot;&quot;);
error = error.replace(&apos;&lt;?xml version=&quot;1.0&quot; encoding=&quot;UTF-8&quot; standalone=&quot;yes&quot;?&gt;&lt;failure&gt;&apos;,&quot;&quot;);
//error = com.mirth.connect.userutil.XmlUtil.prettyPrint(error);
channelMap.put(&quot;Error&quot;,error);</script>
          <type>JavaScript</type>
          <data>
            <entry>
              <string>Script</string>
              <string>var error = msg[&apos;row&apos;][&apos;column3&apos;].toString();
error = error.replace(&quot;&lt;/failure&gt;&quot;,&quot;&quot;);
error = error.replace(&apos;&lt;?xml version=&quot;1.0&quot; encoding=&quot;UTF-8&quot; standalone=&quot;yes&quot;?&gt;&lt;failure&gt;&apos;,&quot;&quot;);
//error = com.mirth.connect.userutil.XmlUtil.prettyPrint(error);
channelMap.put(&quot;Error&quot;,error);</string>
            </entry>
          </data>
        </step>
        <step>
          <sequenceNumber>2</sequenceNumber>
          <name>Data Formatting</name>
          <script>var data = msg[&apos;row&apos;][&apos;column2&apos;].toString();

//data = data.replace(&quot;&lt;collectedBy&gt;&lt;extId&gt;&quot;,&quot;&lt;FieldWorker&gt;&quot;);
//data = data.replace(&quot;&lt;/extId&gt;&lt;/collectedBy&gt;&quot;,&quot;&lt;/FieldWorker&gt;&quot;);
data = data.split(&quot;&lt;/extId&gt;&quot;).join(&quot;&quot;);
data = data.split(&quot;&lt;extId&gt;&quot;).join(&quot;&quot;)

channelMap.put(&quot;DataSent&quot;,data);</script>
          <type>JavaScript</type>
          <data>
            <entry>
              <string>Script</string>
              <string>var data = msg[&apos;row&apos;][&apos;column2&apos;].toString();

//data = data.replace(&quot;&lt;collectedBy&gt;&lt;extId&gt;&quot;,&quot;&lt;FieldWorker&gt;&quot;);
//data = data.replace(&quot;&lt;/extId&gt;&lt;/collectedBy&gt;&quot;,&quot;&lt;/FieldWorker&gt;&quot;);
data = data.split(&quot;&lt;/extId&gt;&quot;).join(&quot;&quot;);
data = data.split(&quot;&lt;extId&gt;&quot;).join(&quot;&quot;)

channelMap.put(&quot;DataSent&quot;,data);</string>
            </entry>
          </data>
        </step>
      </steps>
      <inboundTemplate encoding="base64">Q2hhbm5lbE5hbWUsVHJhbnNmb3JtZWREYXRhLCBFcnJvcgo=</inboundTemplate>
      <outboundTemplate encoding="base64"></outboundTemplate>
      <inboundDataType>DELIMITED</inboundDataType>
      <outboundDataType>XML</outboundDataType>
      <inboundProperties class="com.mirth.connect.plugins.datatypes.delimited.DelimitedDataTypeProperties" version="3.0.3">
        <serializationProperties class="com.mirth.connect.plugins.datatypes.delimited.DelimitedSerializationProperties" version="3.0.3">
          <columnDelimiter>,</columnDelimiter>
          <recordDelimiter>\n</recordDelimiter>
          <quoteChar>&quot;</quoteChar>
          <escapeWithDoubleQuote>true</escapeWithDoubleQuote>
          <quoteEscapeChar>\</quoteEscapeChar>
          <numberedRows>false</numberedRows>
          <ignoreCR>true</ignoreCR>
        </serializationProperties>
        <deserializationProperties class="com.mirth.connect.plugins.datatypes.delimited.DelimitedDeserializationProperties" version="3.0.3">
          <columnDelimiter>,</columnDelimiter>
          <recordDelimiter>\n</recordDelimiter>
          <quoteChar>&quot;</quoteChar>
          <escapeWithDoubleQuote>true</escapeWithDoubleQuote>
          <quoteEscapeChar>\</quoteEscapeChar>
        </deserializationProperties>
        <batchProperties class="com.mirth.connect.plugins.datatypes.delimited.DelimitedBatchProperties" version="3.0.3">
          <batchSkipRecords>0</batchSkipRecords>
          <batchSplitByRecord>true</batchSplitByRecord>
          <batchMessageDelimiter></batchMessageDelimiter>
          <batchMessageDelimiterIncluded>false</batchMessageDelimiterIncluded>
          <batchGroupingColumn></batchGroupingColumn>
          <batchScript></batchScript>
        </batchProperties>
      </inboundProperties>
      <outboundProperties class="com.mirth.connect.plugins.datatypes.xml.XMLDataTypeProperties" version="3.0.3">
        <serializationProperties class="com.mirth.connect.plugins.datatypes.xml.XMLSerializationProperties" version="3.0.3">
          <stripNamespaces>true</stripNamespaces>
        </serializationProperties>
      </outboundProperties>
    </transformer>
    <filter version="3.0.3">
      <rules/>
    </filter>
    <transportName>Channel Reader</transportName>
    <mode>SOURCE</mode>
    <enabled>true</enabled>
    <waitForPrevious>true</waitForPrevious>
  </sourceConnector>
  <destinationConnectors>
    <connector version="3.0.3">
      <metaDataId>1</metaDataId>
      <name>Write Error Data to Database</name>
      <properties class="com.mirth.connect.connectors.jdbc.DatabaseDispatcherProperties" version="3.0.3">
        <queueConnectorProperties version="3.0.3">
          <queueEnabled>false</queueEnabled>
          <sendFirst>false</sendFirst>
          <retryIntervalMillis>10000</retryIntervalMillis>
          <regenerateTemplate>false</regenerateTemplate>
          <retryCount>0</retryCount>
          <rotate>false</rotate>
          <threadCount>1</threadCount>
        </queueConnectorProperties>
        <driver>com.mysql.jdbc.Driver</driver>
        <url>${ODK_DATABASE_URL}</url>
        <username>${dbUser}</username>
        <password>${ODK_DATABASE_PASSWORD}</password>
        <query>INSERT INTO errors (CHANNEL,DATA, ERROR)
VALUES (${Entity},${DataSent},${Error});


</query>
        <useScript>false</useScript>
      </properties>
      <transformer version="3.0.3">
        <steps/>
        <inboundTemplate encoding="base64"></inboundTemplate>
        <outboundTemplate encoding="base64"></outboundTemplate>
        <inboundDataType>XML</inboundDataType>
        <outboundDataType>XML</outboundDataType>
        <inboundProperties class="com.mirth.connect.plugins.datatypes.xml.XMLDataTypeProperties" version="3.0.3">
          <serializationProperties class="com.mirth.connect.plugins.datatypes.xml.XMLSerializationProperties" version="3.0.3">
            <stripNamespaces>true</stripNamespaces>
          </serializationProperties>
        </inboundProperties>
        <outboundProperties class="com.mirth.connect.plugins.datatypes.xml.XMLDataTypeProperties" version="3.0.3">
          <serializationProperties class="com.mirth.connect.plugins.datatypes.xml.XMLSerializationProperties" version="3.0.3">
            <stripNamespaces>true</stripNamespaces>
          </serializationProperties>
        </outboundProperties>
      </transformer>
      <responseTransformer version="3.0.3">
        <steps/>
        <inboundDataType>XML</inboundDataType>
        <outboundDataType>XML</outboundDataType>
        <inboundProperties class="com.mirth.connect.plugins.datatypes.xml.XMLDataTypeProperties" version="3.0.3">
          <serializationProperties class="com.mirth.connect.plugins.datatypes.xml.XMLSerializationProperties" version="3.0.3">
            <stripNamespaces>true</stripNamespaces>
          </serializationProperties>
        </inboundProperties>
        <outboundProperties class="com.mirth.connect.plugins.datatypes.xml.XMLDataTypeProperties" version="3.0.3">
          <serializationProperties class="com.mirth.connect.plugins.datatypes.xml.XMLSerializationProperties" version="3.0.3">
            <stripNamespaces>true</stripNamespaces>
          </serializationProperties>
        </outboundProperties>
      </responseTransformer>
      <filter version="3.0.3">
        <rules/>
      </filter>
      <transportName>Database Writer</transportName>
      <mode>DESTINATION</mode>
      <enabled>true</enabled>
      <waitForPrevious>true</waitForPrevious>
    </connector>
    <connector version="3.0.3">
      <metaDataId>2</metaDataId>
      <name>File Writer</name>
      <properties class="com.mirth.connect.connectors.file.FileDispatcherProperties" version="3.0.3">
        <queueConnectorProperties version="3.0.3">
          <queueEnabled>false</queueEnabled>
          <sendFirst>false</sendFirst>
          <retryIntervalMillis>10000</retryIntervalMillis>
          <regenerateTemplate>false</regenerateTemplate>
          <retryCount>0</retryCount>
          <rotate>false</rotate>
          <threadCount>1</threadCount>
        </queueConnectorProperties>
        <scheme>FILE</scheme>
        <host>${OUTPUT_PATH}</host>
        <outputPattern>Errors.csv</outputPattern>
        <anonymous>true</anonymous>
        <username>anonymous</username>
        <password>anonymous</password>
        <timeout>10000</timeout>
        <secure>true</secure>
        <passive>true</passive>
        <validateConnection>true</validateConnection>
        <outputAppend>true</outputAppend>
        <errorOnExists>false</errorOnExists>
        <temporary>false</temporary>
        <binary>false</binary>
        <charsetEncoding>UTF-8</charsetEncoding>
        <template>${Entity},${DataSent},${Error}
</template>
      </properties>
      <transformer version="3.0.3">
        <steps/>
        <inboundTemplate encoding="base64"></inboundTemplate>
        <outboundTemplate encoding="base64"></outboundTemplate>
        <inboundDataType>HL7V2</inboundDataType>
        <outboundDataType>HL7V2</outboundDataType>
        <inboundProperties class="com.mirth.connect.plugins.datatypes.hl7v2.HL7v2DataTypeProperties" version="3.0.3">
          <serializationProperties class="com.mirth.connect.plugins.datatypes.hl7v2.HL7v2SerializationProperties" version="3.0.3">
            <handleRepetitions>true</handleRepetitions>
            <handleSubcomponents>true</handleSubcomponents>
            <useStrictParser>false</useStrictParser>
            <useStrictValidation>false</useStrictValidation>
            <stripNamespaces>true</stripNamespaces>
            <segmentDelimiter>\r</segmentDelimiter>
            <convertLineBreaks>true</convertLineBreaks>
          </serializationProperties>
          <deserializationProperties class="com.mirth.connect.plugins.datatypes.hl7v2.HL7v2DeserializationProperties" version="3.0.3">
            <useStrictParser>false</useStrictParser>
            <useStrictValidation>false</useStrictValidation>
            <segmentDelimiter>\r</segmentDelimiter>
          </deserializationProperties>
          <responseGenerationProperties class="com.mirth.connect.plugins.datatypes.hl7v2.HL7v2ResponseGenerationProperties" version="3.0.3">
            <segmentDelimiter>\r</segmentDelimiter>
            <successfulACKCode>AA</successfulACKCode>
            <successfulACKMessage></successfulACKMessage>
            <errorACKCode>AE</errorACKCode>
            <errorACKMessage>An Error Occured Processing Message.</errorACKMessage>
            <rejectedACKCode>AR</rejectedACKCode>
            <rejectedACKMessage>Message Rejected.</rejectedACKMessage>
            <msh15ACKAccept>false</msh15ACKAccept>
          </responseGenerationProperties>
          <responseValidationProperties class="com.mirth.connect.plugins.datatypes.hl7v2.HL7v2ResponseValidationProperties" version="3.0.3">
            <successfulACKCode>AA,CA</successfulACKCode>
            <errorACKCode>AE,CE</errorACKCode>
            <rejectedACKCode>AR,CR</rejectedACKCode>
          </responseValidationProperties>
        </inboundProperties>
        <outboundProperties class="com.mirth.connect.plugins.datatypes.hl7v2.HL7v2DataTypeProperties" version="3.0.3">
          <serializationProperties class="com.mirth.connect.plugins.datatypes.hl7v2.HL7v2SerializationProperties" version="3.0.3">
            <handleRepetitions>true</handleRepetitions>
            <handleSubcomponents>true</handleSubcomponents>
            <useStrictParser>false</useStrictParser>
            <useStrictValidation>false</useStrictValidation>
            <stripNamespaces>true</stripNamespaces>
            <segmentDelimiter>\r</segmentDelimiter>
            <convertLineBreaks>true</convertLineBreaks>
          </serializationProperties>
          <deserializationProperties class="com.mirth.connect.plugins.datatypes.hl7v2.HL7v2DeserializationProperties" version="3.0.3">
            <useStrictParser>false</useStrictParser>
            <useStrictValidation>false</useStrictValidation>
            <segmentDelimiter>\r</segmentDelimiter>
          </deserializationProperties>
          <responseGenerationProperties class="com.mirth.connect.plugins.datatypes.hl7v2.HL7v2ResponseGenerationProperties" version="3.0.3">
            <segmentDelimiter>\r</segmentDelimiter>
            <successfulACKCode>AA</successfulACKCode>
            <successfulACKMessage></successfulACKMessage>
            <errorACKCode>AE</errorACKCode>
            <errorACKMessage>An Error Occured Processing Message.</errorACKMessage>
            <rejectedACKCode>AR</rejectedACKCode>
            <rejectedACKMessage>Message Rejected.</rejectedACKMessage>
            <msh15ACKAccept>false</msh15ACKAccept>
          </responseGenerationProperties>
          <responseValidationProperties class="com.mirth.connect.plugins.datatypes.hl7v2.HL7v2ResponseValidationProperties" version="3.0.3">
            <successfulACKCode>AA,CA</successfulACKCode>
            <errorACKCode>AE,CE</errorACKCode>
            <rejectedACKCode>AR,CR</rejectedACKCode>
          </responseValidationProperties>
        </outboundProperties>
      </transformer>
      <responseTransformer version="3.0.3">
        <steps/>
        <inboundDataType>DELIMITED</inboundDataType>
        <outboundDataType>DELIMITED</outboundDataType>
        <inboundProperties class="com.mirth.connect.plugins.datatypes.delimited.DelimitedDataTypeProperties" version="3.0.3">
          <serializationProperties class="com.mirth.connect.plugins.datatypes.delimited.DelimitedSerializationProperties" version="3.0.3">
            <columnDelimiter>,</columnDelimiter>
            <recordDelimiter>\n</recordDelimiter>
            <quoteChar>&quot;</quoteChar>
            <escapeWithDoubleQuote>true</escapeWithDoubleQuote>
            <quoteEscapeChar>\</quoteEscapeChar>
            <numberedRows>false</numberedRows>
            <ignoreCR>true</ignoreCR>
          </serializationProperties>
          <deserializationProperties class="com.mirth.connect.plugins.datatypes.delimited.DelimitedDeserializationProperties" version="3.0.3">
            <columnDelimiter>,</columnDelimiter>
            <recordDelimiter>\n</recordDelimiter>
            <quoteChar>&quot;</quoteChar>
            <escapeWithDoubleQuote>true</escapeWithDoubleQuote>
            <quoteEscapeChar>\</quoteEscapeChar>
          </deserializationProperties>
          <batchProperties class="com.mirth.connect.plugins.datatypes.delimited.DelimitedBatchProperties" version="3.0.3">
            <batchSkipRecords>0</batchSkipRecords>
            <batchSplitByRecord>true</batchSplitByRecord>
            <batchMessageDelimiter></batchMessageDelimiter>
            <batchMessageDelimiterIncluded>false</batchMessageDelimiterIncluded>
            <batchGroupingColumn></batchGroupingColumn>
            <batchScript></batchScript>
          </batchProperties>
        </inboundProperties>
        <outboundProperties class="com.mirth.connect.plugins.datatypes.delimited.DelimitedDataTypeProperties" version="3.0.3">
          <serializationProperties class="com.mirth.connect.plugins.datatypes.delimited.DelimitedSerializationProperties" version="3.0.3">
            <columnDelimiter>,</columnDelimiter>
            <recordDelimiter>\n</recordDelimiter>
            <quoteChar>&quot;</quoteChar>
            <escapeWithDoubleQuote>true</escapeWithDoubleQuote>
            <quoteEscapeChar>\</quoteEscapeChar>
            <numberedRows>false</numberedRows>
            <ignoreCR>false</ignoreCR>
          </serializationProperties>
          <deserializationProperties class="com.mirth.connect.plugins.datatypes.delimited.DelimitedDeserializationProperties" version="3.0.3">
            <columnDelimiter>,</columnDelimiter>
            <recordDelimiter>\n</recordDelimiter>
            <quoteChar>&quot;</quoteChar>
            <escapeWithDoubleQuote>true</escapeWithDoubleQuote>
            <quoteEscapeChar>\</quoteEscapeChar>
          </deserializationProperties>
          <batchProperties class="com.mirth.connect.plugins.datatypes.delimited.DelimitedBatchProperties" version="3.0.3">
            <batchSkipRecords>0</batchSkipRecords>
            <batchSplitByRecord>true</batchSplitByRecord>
            <batchMessageDelimiter></batchMessageDelimiter>
            <batchMessageDelimiterIncluded>false</batchMessageDelimiterIncluded>
            <batchGroupingColumn></batchGroupingColumn>
            <batchScript></batchScript>
          </batchProperties>
        </outboundProperties>
      </responseTransformer>
      <filter version="3.0.3">
        <rules/>
      </filter>
      <transportName>File Writer</transportName>
      <mode>DESTINATION</mode>
      <enabled>true</enabled>
      <waitForPrevious>true</waitForPrevious>
    </connector>
  </destinationConnectors>
  <preprocessingScript>// Modify the message variable below to pre process data
return message;</preprocessingScript>
  <postprocessingScript>// This script executes once after a message has been processed
return;</postprocessingScript>
  <deployScript>// This script executes once when the channel is deployed
// You only have access to the globalMap and globalChannelMap here to persist data
return;</deployScript>
  <shutdownScript>// This script executes once when the channel is undeployed
// You only have access to the globalMap and globalChannelMap here to persist data
return;</shutdownScript>
  <properties version="3.0.3">
    <clearGlobalChannelMap>true</clearGlobalChannelMap>
    <messageStorageMode>PRODUCTION</messageStorageMode>
    <encryptData>false</encryptData>
    <removeContentOnCompletion>false</removeContentOnCompletion>
    <removeAttachmentsOnCompletion>false</removeAttachmentsOnCompletion>
    <initialState>STARTED</initialState>
    <storeAttachments>false</storeAttachments>
    <tags class="linked-hash-set"/>
    <metaDataColumns>
      <metaDataColumn>
        <name>SOURCE</name>
        <type>STRING</type>
        <mappingName>mirth_source</mappingName>
      </metaDataColumn>
      <metaDataColumn>
        <name>TYPE</name>
        <type>STRING</type>
        <mappingName>mirth_type</mappingName>
      </metaDataColumn>
    </metaDataColumns>
    <attachmentProperties>
      <type>None</type>
      <properties/>
    </attachmentProperties>
    <archiveEnabled>true</archiveEnabled>
  </properties>
</channel>