<channel version="3.3.1">
  <id>401b50f9-5ff8-4891-8fb4-035d2440fb99</id>
  <nextMetaDataId>2</nextMetaDataId>
  <name>ExtraFormCreationChannel</name>
  <description>This channel will recognize new &apos;ODK Forms&apos; that were defined in OpenHDS by watching the openhds.forms table. &#xd;
When it finds an entry that has an empty CORE_TABLE entry, it will go into the ODK Aggregate database&#xd;
and find the CORE_TABLE that corresponds to this form id. Then it will read the corresponding CORE_TABLE and &#xd;
send it&apos;s definition to OpenHDS ExtraForm channel.</description>
  <enabled>true</enabled>
  <lastModified>
    <time>1469096759884</time>
    <timezone>Europe/Berlin</timezone>
  </lastModified>
  <revision>2</revision>
  <sourceConnector version="3.3.1">
    <metaDataId>0</metaDataId>
    <name>sourceConnector</name>
    <properties class="com.mirth.connect.connectors.js.JavaScriptReceiverProperties" version="3.3.1">
      <pluginProperties/>
      <pollConnectorProperties version="3.3.1">
        <pollingType>INTERVAL</pollingType>
        <pollOnStart>true</pollOnStart>
        <pollingFrequency>5000</pollingFrequency>
        <pollingHour>0</pollingHour>
        <pollingMinute>0</pollingMinute>
        <cronJobs/>
        <pollConnectorPropertiesAdvanced>
          <weekly>true</weekly>
          <inactiveDays>
            <boolean>false</boolean>
            <boolean>false</boolean>
            <boolean>false</boolean>
            <boolean>false</boolean>
            <boolean>false</boolean>
            <boolean>false</boolean>
            <boolean>false</boolean>
            <boolean>false</boolean>
          </inactiveDays>
          <dayOfMonth>1</dayOfMonth>
          <allDay>true</allDay>
          <startingHour>8</startingHour>
          <startingMinute>0</startingMinute>
          <endingHour>17</endingHour>
          <endingMinute>0</endingMinute>
        </pollConnectorPropertiesAdvanced>
      </pollConnectorProperties>
      <sourceConnectorProperties version="3.3.1">
        <responseVariable>None</responseVariable>
        <respondAfterProcessing>true</respondAfterProcessing>
        <processBatch>false</processBatch>
        <firstResponse>false</firstResponse>
        <resourceIds class="linked-hash-set">
          <string>Default Resource</string>
        </resourceIds>
      </sourceConnectorProperties>
      <script>var dbConn;
var result;
var table;

var list = new java.util.ArrayList();

try {
	//dbConn = DatabaseConnectionFactory.createDatabaseConnection(&apos;com.mysql.jdbc.Driver&apos;,&apos;jdbc:mysql://localhost:3306/openhds&apos;,&apos;data&apos;,&apos;data&apos;);
	dbConn = DatabaseConnectionFactory.createDatabaseConnection(&apos;com.mysql.jdbc.Driver&apos;,globalMap.get(&quot;OPENHDS_DATABASE_URL&quot;), globalMap.get(&quot;OPENHDS_DATABASE_USER&quot;),globalMap.get(&quot;OPENHDS_DATABASE_PASSWORD&quot;));
	// You may access this result below with $(&apos;column_name&apos;)
	result = dbConn.executeCachedQuery(&quot;SELECT uuid, formName, active, deleted, CORE_TABLE, status FROM form where deleted=0&quot;);

	while(result.next()){
			var coreTable = result.getString(&quot;CORE_TABLE&quot;);
			var uuid = result.getString(&quot;uuid&quot;);
			var formName = result.getString(&quot;formName&quot;);
			var active = result.getString(&quot;active&quot;);
			var deleted = result.getBoolean(&quot;deleted&quot;);
			var status = result.getInt(&quot;status&quot;);

			if((coreTable == null || coreTable.trim().length() == 0) &amp;&amp; !deleted 
						&amp;&amp; (active != null &amp;&amp; active.equalsIgnoreCase(&quot;yes&quot;)) 
						&amp;&amp; status == 0)
			{
				logger.info(&quot;Proceed...&quot;)
				var CORE_TABLE_NAME = getCoreTableFromFormName(formName);
				if(CORE_TABLE_NAME){
					var primKeyList = getPrimaryKeyList(CORE_TABLE_NAME);
					var listOfObjects = getCoreTableStructure(CORE_TABLE_NAME);
					table = createTableDummy(CORE_TABLE_NAME, uuid, primKeyList.join(), listOfObjects);
					list.add(table);
				}
			}
	}
	return list;
} finally {
	if (dbConn) { 
		dbConn.close();
	}
	if (result) { 
		result.close();
	}
}</script>
    </properties>
    <transformer version="3.3.1">
      <steps/>
      <inboundDataType>XML</inboundDataType>
      <outboundDataType>XML</outboundDataType>
      <inboundProperties class="com.mirth.connect.plugins.datatypes.xml.XMLDataTypeProperties" version="3.3.1">
        <serializationProperties class="com.mirth.connect.plugins.datatypes.xml.XMLSerializationProperties" version="3.3.1">
          <stripNamespaces>true</stripNamespaces>
        </serializationProperties>
        <batchProperties class="com.mirth.connect.plugins.datatypes.xml.XMLBatchProperties" version="3.3.1">
          <splitType>Element_Name</splitType>
          <elementName></elementName>
          <level>1</level>
          <query></query>
          <batchScript></batchScript>
        </batchProperties>
      </inboundProperties>
      <outboundProperties class="com.mirth.connect.plugins.datatypes.xml.XMLDataTypeProperties" version="3.3.1">
        <serializationProperties class="com.mirth.connect.plugins.datatypes.xml.XMLSerializationProperties" version="3.3.1">
          <stripNamespaces>true</stripNamespaces>
        </serializationProperties>
        <batchProperties class="com.mirth.connect.plugins.datatypes.xml.XMLBatchProperties" version="3.3.1">
          <splitType>Element_Name</splitType>
          <elementName></elementName>
          <level>1</level>
          <query></query>
          <batchScript></batchScript>
        </batchProperties>
      </outboundProperties>
    </transformer>
    <filter version="3.3.1">
      <rules/>
    </filter>
    <transportName>JavaScript Reader</transportName>
    <mode>SOURCE</mode>
    <enabled>true</enabled>
    <waitForPrevious>true</waitForPrevious>
  </sourceConnector>
  <destinationConnectors>
    <connector version="3.3.1">
      <metaDataId>1</metaDataId>
      <name>Destination 1</name>
      <properties class="com.mirth.connect.connectors.http.HttpDispatcherProperties" version="3.3.1">
        <pluginProperties/>
        <destinationConnectorProperties version="3.3.1">
          <queueEnabled>false</queueEnabled>
          <sendFirst>false</sendFirst>
          <retryIntervalMillis>10000</retryIntervalMillis>
          <regenerateTemplate>false</regenerateTemplate>
          <retryCount>0</retryCount>
          <rotate>false</rotate>
          <includeFilterTransformer>false</includeFilterTransformer>
          <threadCount>1</threadCount>
          <validateResponse>false</validateResponse>
          <resourceIds class="linked-hash-set">
            <string>Default Resource</string>
          </resourceIds>
        </destinationConnectorProperties>
        <host>${OPENHDS_PATH}/extraform/create</host>
        <useProxyServer>false</useProxyServer>
        <proxyAddress></proxyAddress>
        <proxyPort></proxyPort>
        <method>post</method>
        <headers class="linked-hash-map"/>
        <parameters class="linked-hash-map"/>
        <responseXmlBody>false</responseXmlBody>
        <responseParseMultipart>true</responseParseMultipart>
        <responseIncludeMetadata>false</responseIncludeMetadata>
        <responseBinaryMimeTypes></responseBinaryMimeTypes>
        <responseBinaryMimeTypesRegex>false</responseBinaryMimeTypesRegex>
        <multipart>false</multipart>
        <useAuthentication>true</useAuthentication>
        <authenticationType>Basic</authenticationType>
        <usePreemptiveAuthentication>true</usePreemptiveAuthentication>
        <username>${OPENHDS_USER}</username>
        <password>${OPENHDS_PASSWORD}</password>
        <content>${message.rawData}</content>
        <contentType>application/xml</contentType>
        <dataTypeBinary>false</dataTypeBinary>
        <charset>UTF-8</charset>
        <socketTimeout>30000</socketTimeout>
      </properties>
      <transformer version="3.3.1">
        <steps/>
        <inboundDataType>XML</inboundDataType>
        <outboundDataType>XML</outboundDataType>
        <inboundProperties class="com.mirth.connect.plugins.datatypes.xml.XMLDataTypeProperties" version="3.3.1">
          <serializationProperties class="com.mirth.connect.plugins.datatypes.xml.XMLSerializationProperties" version="3.3.1">
            <stripNamespaces>true</stripNamespaces>
          </serializationProperties>
          <batchProperties class="com.mirth.connect.plugins.datatypes.xml.XMLBatchProperties" version="3.3.1">
            <splitType>Element_Name</splitType>
            <elementName></elementName>
            <level>1</level>
            <query></query>
            <batchScript></batchScript>
          </batchProperties>
        </inboundProperties>
        <outboundProperties class="com.mirth.connect.plugins.datatypes.xml.XMLDataTypeProperties" version="3.3.1">
          <serializationProperties class="com.mirth.connect.plugins.datatypes.xml.XMLSerializationProperties" version="3.3.1">
            <stripNamespaces>true</stripNamespaces>
          </serializationProperties>
          <batchProperties class="com.mirth.connect.plugins.datatypes.xml.XMLBatchProperties" version="3.3.1">
            <splitType>Element_Name</splitType>
            <elementName></elementName>
            <level>1</level>
            <query></query>
            <batchScript></batchScript>
          </batchProperties>
        </outboundProperties>
      </transformer>
      <responseTransformer version="3.3.1">
        <steps/>
        <inboundDataType>XML</inboundDataType>
        <outboundDataType>XML</outboundDataType>
        <inboundProperties class="com.mirth.connect.plugins.datatypes.xml.XMLDataTypeProperties" version="3.3.1">
          <serializationProperties class="com.mirth.connect.plugins.datatypes.xml.XMLSerializationProperties" version="3.3.1">
            <stripNamespaces>true</stripNamespaces>
          </serializationProperties>
          <batchProperties class="com.mirth.connect.plugins.datatypes.xml.XMLBatchProperties" version="3.3.1">
            <splitType>Element_Name</splitType>
            <elementName></elementName>
            <level>1</level>
            <query></query>
            <batchScript></batchScript>
          </batchProperties>
        </inboundProperties>
        <outboundProperties class="com.mirth.connect.plugins.datatypes.xml.XMLDataTypeProperties" version="3.3.1">
          <serializationProperties class="com.mirth.connect.plugins.datatypes.xml.XMLSerializationProperties" version="3.3.1">
            <stripNamespaces>true</stripNamespaces>
          </serializationProperties>
          <batchProperties class="com.mirth.connect.plugins.datatypes.xml.XMLBatchProperties" version="3.3.1">
            <splitType>Element_Name</splitType>
            <elementName></elementName>
            <level>1</level>
            <query></query>
            <batchScript></batchScript>
          </batchProperties>
        </outboundProperties>
      </responseTransformer>
      <filter version="3.3.1">
        <rules/>
      </filter>
      <transportName>HTTP Sender</transportName>
      <mode>DESTINATION</mode>
      <enabled>true</enabled>
      <waitForPrevious>true</waitForPrevious>
    </connector>
  </destinationConnectors>
  <preprocessingScript>// Modify the message variable below to pre process data
return message;</preprocessingScript>
  <postprocessingScript>// This script executes once after a message has been processed
// Responses returned from here will be stored as &quot;Postprocessor&quot; in the response map
var channel_Id = 1;
var status = message.getConnectorMessages().get(channel_Id).getStatus();  

if(status == &apos;ERROR&apos;){
	logger.debug(&apos;Error while sending creating ExtraFormTable. Status = &apos; + status);
	var responseMessage = responseMap.get(&quot;d&quot; + channel_Id);
	logger.debug(&apos;responseMessage: &apos; + responseMessage);

	var responseMessage = responseMap.get(&quot;d&quot; + channel_Id).getMessage();
	logger.debug(&apos;rawmsg: &apos; + responseMessage.toString());

	var connectorName = message.getConnectorMessages().get(channel_Id).getConnectorName();
	logger.info(&quot;ExtraFormCreationChannel: &quot; + connectorName);

	var rawData = message.getConnectorMessages().get(channel_Id).getRawData(); //we use the rawData since no transformator used
	logger.info(&quot;ExtraFormCreationChannel: &quot; + rawData);

	globalMap.put(&quot;channelError&quot;, connectorName);
	globalMap.put(&quot;requestError&quot;, responseMessage);
	globalMap.put(&quot;transformed&quot;, rawData);
}

return;</postprocessingScript>
  <deployScript>// This script executes once when the channel is deployed
// You only have access to the globalMap and globalChannelMap here to persist data
return;</deployScript>
  <undeployScript>// This script executes once when the channel is undeployed
// You only have access to the globalMap and globalChannelMap here to persist data
return;</undeployScript>
  <properties version="3.3.1">
    <clearGlobalChannelMap>true</clearGlobalChannelMap>
    <messageStorageMode>DEVELOPMENT</messageStorageMode>
    <encryptData>false</encryptData>
    <removeContentOnCompletion>false</removeContentOnCompletion>
    <removeOnlyFilteredOnCompletion>false</removeOnlyFilteredOnCompletion>
    <removeAttachmentsOnCompletion>false</removeAttachmentsOnCompletion>
    <initialState>STARTED</initialState>
    <storeAttachments>false</storeAttachments>
    <tags class="linked-hash-set"/>
    <metaDataColumns>
      <metaDataColumn>
        <name>SOURCE</name>
        <type>STRING</type>
        <mappingName>mirth_source</mappingName>
      </metaDataColumn>
      <metaDataColumn>
        <name>TYPE</name>
        <type>STRING</type>
        <mappingName>mirth_type</mappingName>
      </metaDataColumn>
    </metaDataColumns>
    <attachmentProperties>
      <type>None</type>
      <properties/>
    </attachmentProperties>
    <archiveEnabled>true</archiveEnabled>
    <resourceIds class="linked-hash-set">
      <string>Default Resource</string>
    </resourceIds>
  </properties>
  <codeTemplateLibraries/>
</channel>