<channel version="3.0.3">
  <id>584b3aef-55c8-4b55-af4a-78ef45abda96</id>
  <nextMetaDataId>4</nextMetaDataId>
  <name>File Error CreateSend</name>
  <description></description>
  <enabled>true</enabled>
  <lastModified>
    <time>1403536777918</time>
    <timezone>Africa/Nairobi</timezone>
  </lastModified>
  <revision>11</revision>
  <sourceConnector version="3.0.3">
    <metaDataId>0</metaDataId>
    <name>sourceConnector</name>
    <properties class="com.mirth.connect.connectors.file.FileReceiverProperties" version="3.0.3">
      <pollConnectorProperties version="3.0.3">
        <pollingType>interval</pollingType>
        <pollingHour>0</pollingHour>
        <pollingMinute>0</pollingMinute>
        <pollingFrequency>5000</pollingFrequency>
      </pollConnectorProperties>
      <responseConnectorProperties version="3.0.3">
        <responseVariable>None</responseVariable>
        <defaultQueueOnResponses>
          <string>None</string>
          <string>Auto-generate (Before processing)</string>
        </defaultQueueOnResponses>
        <defaultQueueOffResponses>
          <string>None</string>
          <string>Auto-generate (Before processing)</string>
          <string>Auto-generate (After source transformer)</string>
          <string>Auto-generate (Destinations completed)</string>
          <string>Postprocessor</string>
        </defaultQueueOffResponses>
        <respondAfterProcessing>true</respondAfterProcessing>
      </responseConnectorProperties>
      <scheme>FILE</scheme>
      <host>${OUTPUT_PATH}</host>
      <fileFilter>Errors.csv</fileFilter>
      <regex>false</regex>
      <directoryRecursion>false</directoryRecursion>
      <ignoreDot>true</ignoreDot>
      <anonymous>true</anonymous>
      <username>anonymous</username>
      <password>anonymous</password>
      <timeout>10000</timeout>
      <secure>true</secure>
      <passive>true</passive>
      <validateConnection>true</validateConnection>
      <afterProcessingAction>MOVE</afterProcessingAction>
      <moveToDirectory>${OUTPUT_PATH}/PROCESSED</moveToDirectory>
      <moveToFileName>${SYSTIME}${originalFilename}</moveToFileName>
      <errorReadingAction>NONE</errorReadingAction>
      <errorResponseAction>AFTER_PROCESSING</errorResponseAction>
      <errorMoveToDirectory>/Users/dipasqua/Desktop/mirth/</errorMoveToDirectory>
      <errorMoveToFileName>${DATE}.csv</errorMoveToFileName>
      <checkFileAge>false</checkFileAge>
      <fileAge>1000</fileAge>
      <fileSizeMinimum>0</fileSizeMinimum>
      <fileSizeMaximum></fileSizeMaximum>
      <ignoreFileSizeMaximum>true</ignoreFileSizeMaximum>
      <sortBy>date</sortBy>
      <binary>false</binary>
      <charsetEncoding>DEFAULT_ENCODING</charsetEncoding>
      <processBatch>false</processBatch>
    </properties>
    <transformer version="3.0.3">
      <steps>
        <step>
          <sequenceNumber>0</sequenceNumber>
          <name>New Step</name>
          <script>var FileCSV;

FileCSV = FileUtil.read(&quot;C:/Users/Desktop/mirth/output/Errors.csv&quot;);

//var FileCSV64 = FileUtil.encode(FileCSV);
channelMap.put(&apos;FileCSV&apos;,FileCSV);</script>
          <type>JavaScript</type>
          <data>
            <entry>
              <string>Script</string>
              <string>var FileCSV;

FileCSV = FileUtil.read(&quot;C:/Users/Desktop/mirth/output/Errors.csv&quot;);

//var FileCSV64 = FileUtil.encode(FileCSV);
channelMap.put(&apos;FileCSV&apos;,FileCSV);</string>
            </entry>
          </data>
        </step>
      </steps>
      <inboundTemplate encoding="base64"></inboundTemplate>
      <outboundTemplate encoding="base64"></outboundTemplate>
      <inboundDataType>DELIMITED</inboundDataType>
      <outboundDataType>HL7V2</outboundDataType>
      <inboundProperties class="com.mirth.connect.plugins.datatypes.delimited.DelimitedDataTypeProperties" version="3.0.3">
        <serializationProperties class="com.mirth.connect.plugins.datatypes.delimited.DelimitedSerializationProperties" version="3.0.3">
          <columnDelimiter>,</columnDelimiter>
          <recordDelimiter>\n</recordDelimiter>
          <quoteChar>&quot;</quoteChar>
          <escapeWithDoubleQuote>true</escapeWithDoubleQuote>
          <quoteEscapeChar>\</quoteEscapeChar>
          <numberedRows>false</numberedRows>
          <ignoreCR>false</ignoreCR>
        </serializationProperties>
        <deserializationProperties class="com.mirth.connect.plugins.datatypes.delimited.DelimitedDeserializationProperties" version="3.0.3">
          <columnDelimiter>,</columnDelimiter>
          <recordDelimiter>\n</recordDelimiter>
          <quoteChar>&quot;</quoteChar>
          <escapeWithDoubleQuote>true</escapeWithDoubleQuote>
          <quoteEscapeChar>\</quoteEscapeChar>
        </deserializationProperties>
        <batchProperties class="com.mirth.connect.plugins.datatypes.delimited.DelimitedBatchProperties" version="3.0.3">
          <batchSkipRecords>0</batchSkipRecords>
          <batchSplitByRecord>true</batchSplitByRecord>
          <batchMessageDelimiter></batchMessageDelimiter>
          <batchMessageDelimiterIncluded>false</batchMessageDelimiterIncluded>
          <batchGroupingColumn></batchGroupingColumn>
          <batchScript></batchScript>
        </batchProperties>
      </inboundProperties>
      <outboundProperties class="com.mirth.connect.plugins.datatypes.hl7v2.HL7v2DataTypeProperties" version="3.0.3">
        <serializationProperties class="com.mirth.connect.plugins.datatypes.hl7v2.HL7v2SerializationProperties" version="3.0.3">
          <handleRepetitions>true</handleRepetitions>
          <handleSubcomponents>true</handleSubcomponents>
          <useStrictParser>false</useStrictParser>
          <useStrictValidation>false</useStrictValidation>
          <stripNamespaces>true</stripNamespaces>
          <segmentDelimiter>\r</segmentDelimiter>
          <convertLineBreaks>true</convertLineBreaks>
        </serializationProperties>
        <deserializationProperties class="com.mirth.connect.plugins.datatypes.hl7v2.HL7v2DeserializationProperties" version="3.0.3">
          <useStrictParser>false</useStrictParser>
          <useStrictValidation>false</useStrictValidation>
          <segmentDelimiter>\r</segmentDelimiter>
        </deserializationProperties>
        <responseGenerationProperties class="com.mirth.connect.plugins.datatypes.hl7v2.HL7v2ResponseGenerationProperties" version="3.0.3">
          <segmentDelimiter>\r</segmentDelimiter>
          <successfulACKCode>AA</successfulACKCode>
          <successfulACKMessage></successfulACKMessage>
          <errorACKCode>AE</errorACKCode>
          <errorACKMessage>An Error Occured Processing Message.</errorACKMessage>
          <rejectedACKCode>AR</rejectedACKCode>
          <rejectedACKMessage>Message Rejected.</rejectedACKMessage>
          <msh15ACKAccept>false</msh15ACKAccept>
        </responseGenerationProperties>
        <responseValidationProperties class="com.mirth.connect.plugins.datatypes.hl7v2.HL7v2ResponseValidationProperties" version="3.0.3">
          <successfulACKCode>AA,CA</successfulACKCode>
          <errorACKCode>AE,CE</errorACKCode>
          <rejectedACKCode>AR,CR</rejectedACKCode>
        </responseValidationProperties>
      </outboundProperties>
    </transformer>
    <filter version="3.0.3">
      <rules/>
    </filter>
    <transportName>File Reader</transportName>
    <mode>SOURCE</mode>
    <enabled>true</enabled>
    <waitForPrevious>true</waitForPrevious>
  </sourceConnector>
  <destinationConnectors>
    <connector version="3.0.3">
      <metaDataId>2</metaDataId>
      <name>Send Email</name>
      <properties class="com.mirth.connect.connectors.smtp.SmtpDispatcherProperties" version="3.0.3">
        <queueConnectorProperties version="3.0.3">
          <queueEnabled>false</queueEnabled>
          <sendFirst>false</sendFirst>
          <retryIntervalMillis>10000</retryIntervalMillis>
          <regenerateTemplate>false</regenerateTemplate>
          <retryCount>0</retryCount>
          <rotate>false</rotate>
          <threadCount>1</threadCount>
        </queueConnectorProperties>
        <smtpHost></smtpHost>
        <smtpPort>25</smtpPort>
        <timeout>5000</timeout>
        <encryption>none</encryption>
        <authentication>false</authentication>
        <username></username>
        <password></password>
        <to></to>
        <from></from>
        <cc></cc>
        <bcc></bcc>
        <replyTo></replyTo>
        <headers class="linked-hash-map">
          <entry>
            <string>Importance</string>
            <string>high</string>
          </entry>
        </headers>
        <subject>Error File ${DATE}</subject>
        <charsetEncoding>DEFAULT_ENCODING</charsetEncoding>
        <html>false</html>
        <body>Dear Admin,
Find attached the Error File.

Kind regards,
</body>
        <attachments>
          <com.mirth.connect.connectors.smtp.Attachment>
            <name>Error_${DATE}.csv</name>
            <content>${FileCSV}</content>
            <mimeType>text/csv</mimeType>
          </com.mirth.connect.connectors.smtp.Attachment>
        </attachments>
      </properties>
      <transformer version="3.0.3">
        <steps/>
        <inboundTemplate encoding="base64"></inboundTemplate>
        <outboundTemplate encoding="base64"></outboundTemplate>
        <inboundDataType>HL7V2</inboundDataType>
        <outboundDataType>XML</outboundDataType>
        <inboundProperties class="com.mirth.connect.plugins.datatypes.hl7v2.HL7v2DataTypeProperties" version="3.0.3">
          <serializationProperties class="com.mirth.connect.plugins.datatypes.hl7v2.HL7v2SerializationProperties" version="3.0.3">
            <handleRepetitions>true</handleRepetitions>
            <handleSubcomponents>true</handleSubcomponents>
            <useStrictParser>false</useStrictParser>
            <useStrictValidation>false</useStrictValidation>
            <stripNamespaces>true</stripNamespaces>
            <segmentDelimiter>\r</segmentDelimiter>
            <convertLineBreaks>true</convertLineBreaks>
          </serializationProperties>
          <deserializationProperties class="com.mirth.connect.plugins.datatypes.hl7v2.HL7v2DeserializationProperties" version="3.0.3">
            <useStrictParser>false</useStrictParser>
            <useStrictValidation>false</useStrictValidation>
            <segmentDelimiter>\r</segmentDelimiter>
          </deserializationProperties>
          <responseGenerationProperties class="com.mirth.connect.plugins.datatypes.hl7v2.HL7v2ResponseGenerationProperties" version="3.0.3">
            <segmentDelimiter>\r</segmentDelimiter>
            <successfulACKCode>AA</successfulACKCode>
            <successfulACKMessage></successfulACKMessage>
            <errorACKCode>AE</errorACKCode>
            <errorACKMessage>An Error Occured Processing Message.</errorACKMessage>
            <rejectedACKCode>AR</rejectedACKCode>
            <rejectedACKMessage>Message Rejected.</rejectedACKMessage>
            <msh15ACKAccept>false</msh15ACKAccept>
          </responseGenerationProperties>
          <responseValidationProperties class="com.mirth.connect.plugins.datatypes.hl7v2.HL7v2ResponseValidationProperties" version="3.0.3">
            <successfulACKCode>AA,CA</successfulACKCode>
            <errorACKCode>AE,CE</errorACKCode>
            <rejectedACKCode>AR,CR</rejectedACKCode>
          </responseValidationProperties>
        </inboundProperties>
        <outboundProperties class="com.mirth.connect.plugins.datatypes.xml.XMLDataTypeProperties" version="3.0.3">
          <serializationProperties class="com.mirth.connect.plugins.datatypes.xml.XMLSerializationProperties" version="3.0.3">
            <stripNamespaces>true</stripNamespaces>
          </serializationProperties>
        </outboundProperties>
      </transformer>
      <responseTransformer version="3.0.3">
        <steps/>
        <inboundDataType>HL7V2</inboundDataType>
        <outboundDataType>HL7V2</outboundDataType>
        <inboundProperties class="com.mirth.connect.plugins.datatypes.hl7v2.HL7v2DataTypeProperties" version="3.0.3">
          <serializationProperties class="com.mirth.connect.plugins.datatypes.hl7v2.HL7v2SerializationProperties" version="3.0.3">
            <handleRepetitions>true</handleRepetitions>
            <handleSubcomponents>true</handleSubcomponents>
            <useStrictParser>false</useStrictParser>
            <useStrictValidation>false</useStrictValidation>
            <stripNamespaces>true</stripNamespaces>
            <segmentDelimiter>\r</segmentDelimiter>
            <convertLineBreaks>true</convertLineBreaks>
          </serializationProperties>
          <deserializationProperties class="com.mirth.connect.plugins.datatypes.hl7v2.HL7v2DeserializationProperties" version="3.0.3">
            <useStrictParser>false</useStrictParser>
            <useStrictValidation>false</useStrictValidation>
            <segmentDelimiter>\r</segmentDelimiter>
          </deserializationProperties>
          <responseGenerationProperties class="com.mirth.connect.plugins.datatypes.hl7v2.HL7v2ResponseGenerationProperties" version="3.0.3">
            <segmentDelimiter>\r</segmentDelimiter>
            <successfulACKCode>AA</successfulACKCode>
            <successfulACKMessage></successfulACKMessage>
            <errorACKCode>AE</errorACKCode>
            <errorACKMessage>An Error Occured Processing Message.</errorACKMessage>
            <rejectedACKCode>AR</rejectedACKCode>
            <rejectedACKMessage>Message Rejected.</rejectedACKMessage>
            <msh15ACKAccept>false</msh15ACKAccept>
          </responseGenerationProperties>
          <responseValidationProperties class="com.mirth.connect.plugins.datatypes.hl7v2.HL7v2ResponseValidationProperties" version="3.0.3">
            <successfulACKCode>AA,CA</successfulACKCode>
            <errorACKCode>AE,CE</errorACKCode>
            <rejectedACKCode>AR,CR</rejectedACKCode>
          </responseValidationProperties>
        </inboundProperties>
        <outboundProperties class="com.mirth.connect.plugins.datatypes.hl7v2.HL7v2DataTypeProperties" version="3.0.3">
          <serializationProperties class="com.mirth.connect.plugins.datatypes.hl7v2.HL7v2SerializationProperties" version="3.0.3">
            <handleRepetitions>true</handleRepetitions>
            <handleSubcomponents>true</handleSubcomponents>
            <useStrictParser>false</useStrictParser>
            <useStrictValidation>false</useStrictValidation>
            <stripNamespaces>true</stripNamespaces>
            <segmentDelimiter>\r</segmentDelimiter>
            <convertLineBreaks>true</convertLineBreaks>
          </serializationProperties>
          <deserializationProperties class="com.mirth.connect.plugins.datatypes.hl7v2.HL7v2DeserializationProperties" version="3.0.3">
            <useStrictParser>false</useStrictParser>
            <useStrictValidation>false</useStrictValidation>
            <segmentDelimiter>\r</segmentDelimiter>
          </deserializationProperties>
          <responseGenerationProperties class="com.mirth.connect.plugins.datatypes.hl7v2.HL7v2ResponseGenerationProperties" version="3.0.3">
            <segmentDelimiter>\r</segmentDelimiter>
            <successfulACKCode>AA</successfulACKCode>
            <successfulACKMessage></successfulACKMessage>
            <errorACKCode>AE</errorACKCode>
            <errorACKMessage>An Error Occured Processing Message.</errorACKMessage>
            <rejectedACKCode>AR</rejectedACKCode>
            <rejectedACKMessage>Message Rejected.</rejectedACKMessage>
            <msh15ACKAccept>false</msh15ACKAccept>
          </responseGenerationProperties>
          <responseValidationProperties class="com.mirth.connect.plugins.datatypes.hl7v2.HL7v2ResponseValidationProperties" version="3.0.3">
            <successfulACKCode>AA,CA</successfulACKCode>
            <errorACKCode>AE,CE</errorACKCode>
            <rejectedACKCode>AR,CR</rejectedACKCode>
          </responseValidationProperties>
        </outboundProperties>
      </responseTransformer>
      <filter version="3.0.3">
        <rules/>
      </filter>
      <transportName>SMTP Sender</transportName>
      <mode>DESTINATION</mode>
      <enabled>true</enabled>
      <waitForPrevious>true</waitForPrevious>
    </connector>
  </destinationConnectors>
  <preprocessingScript>// Modify the message variable below to pre process data
return message;</preprocessingScript>
  <postprocessingScript>// This script executes once after a message has been processed
// Responses returned from here will be stored as &quot;Postprocessor&quot; in the response map

/*var efface = Packages.java.io.File(&quot;C:/Users/dipasqua/Desktop/mirth/output/Errors.csv&quot;);
logger.info(efface);
if (efface!=null) {
efface[&quot;delete&quot;]();
}*/
resetProcessedErrored();
return;</postprocessingScript>
  <deployScript>// This script executes once when the channel is deployed
// You only have access to the globalMap and globalChannelMap here to persist data
return;</deployScript>
  <shutdownScript>// This script executes once when the channel is undeployed
// You only have access to the globalMap and globalChannelMap here to persist data
return;</shutdownScript>
  <properties version="3.0.3">
    <clearGlobalChannelMap>true</clearGlobalChannelMap>
    <messageStorageMode>PRODUCTION</messageStorageMode>
    <encryptData>false</encryptData>
    <removeContentOnCompletion>false</removeContentOnCompletion>
    <removeAttachmentsOnCompletion>false</removeAttachmentsOnCompletion>
    <initialState>STOPPED</initialState>
    <storeAttachments>false</storeAttachments>
    <tags class="linked-hash-set"/>
    <metaDataColumns>
      <metaDataColumn>
        <name>SOURCE</name>
        <type>STRING</type>
        <mappingName>mirth_source</mappingName>
      </metaDataColumn>
      <metaDataColumn>
        <name>TYPE</name>
        <type>STRING</type>
        <mappingName>mirth_type</mappingName>
      </metaDataColumn>
    </metaDataColumns>
    <attachmentProperties>
      <type>None</type>
      <properties/>
    </attachmentProperties>
    <archiveEnabled>true</archiveEnabled>
  </properties>
</channel>