<map>
  <entry>
    <string>Undeploy</string>
    <string>// This script executes once when all channels shut down from a redeploy
// You only have access to the globalMap here to persist data
return;</string>
  </entry>
  <entry>
    <string>Postprocessor</string>
    <string>// This script executes once after a message has been processed
// This script applies across all channels
return;</string>
  </entry>
  <entry>
    <string>Deploy</string>
    <string>/** Database Information */

globalMap.put(&quot;jdbcDriver&quot;, &quot;com.mysql.jdbc.Driver&quot;);

// Database JDBC URL
globalMap.put(&quot;odkJdbcDatabaseUrl&quot;, &quot;jdbc:mysql://localhost/odk_prod&quot;);

// Databaase User name
globalMap.put(&quot;dbUser&quot;, &quot;data&quot;);

// Database Password
globalMap.put(&quot;dbPass&quot;, &quot;data&quot;);

/** OpenHDS Information */
globalMap.put(&quot;ODK_DATABASE_URL&quot;,&quot;jdbc:mysql://localhost/odk_prod&quot;);
globalMap.put(&quot;ODK_DATABASE_USER&quot;,&quot;data&quot;);
globalMap.put(&quot;ODK_DATABASE_PASSWORD&quot;,&quot;data&quot;);

/** OpenHDS Information */
//globalMap.put(&quot;OPENHDS_DATABASE_URL&quot;,&quot;jdbc:mysql://localhost/openhds&quot;);
globalMap.put(&quot;OPENHDS_DATABASE_URL&quot;,&quot;jdbc:mysql://localhost/openhds&quot;);
globalMap.put(&quot;OPENHDS_DATABASE_USER&quot;,&quot;data&quot;);
globalMap.put(&quot;OPENHDS_DATABASE_PASSWORD&quot;,&quot;data&quot;);

globalMap.put(&quot;HRS_DATABASE_URL&quot;,&quot;jdbc:mysql://localhost/hrs_mysql_db&quot;);
globalMap.put(&quot;HRS_DATABASE_USER&quot;,&quot;data&quot;);
globalMap.put(&quot;HRS_DATABASE_PASSWORD&quot;,&quot;data&quot;);

globalMap.put(&quot;OPENHDS_PATH&quot;,&quot;http://localhost:8080/openhds/api/rest&quot;);
globalMap.put(&quot;OPENHDS_USER&quot;,&quot;admin&quot;);
globalMap.put(&quot;OPENHDS_PASSWORD&quot;,&quot;test&quot;);
globalMap.put(&quot;ERROR_PATH&quot;,&quot;/home/data/Errors.csv&quot;);
globalMap.put(&quot;OUTPUT_PATH&quot;,&quot;/home/data/&quot;);

// odk tables

globalMap.put(&quot;BASELINE_TABLE&quot;,&quot;BASELINE_CORE&quot;);
globalMap.put(&quot;DEATH_TABLE&quot;,&quot;DEATH_REGISTRATION_CORE&quot;);
globalMap.put(&quot;IN_MIGRATION_TABLE&quot;,&quot;IN_MIGRATION_CORE&quot;);
globalMap.put(&quot;LOCATION_TABLE&quot;,&quot;LOCATION_REGISTRATION_CORE&quot;);
globalMap.put(&quot;MEMBERSHIP_TABLE&quot;,&quot;MEMBERSHIP_CORE&quot;);
globalMap.put(&quot;OUT_MIGRATION_TABLE&quot;,&quot;OUT_MIGRATION_REGISTRATION_CORE&quot;);
globalMap.put(&quot;OUTCOMES_TABLE&quot;,&quot;PREGNANCY_OUTCOME_OUTCOMES&quot;);
globalMap.put(&quot;PREGNANCY_OBS_TABLE&quot;,&quot;PREGNANCY_OBSERVATION_CORE&quot;);
globalMap.put(&quot;PREGNANCY_OUTCOME_TABLE&quot;,&quot;PREGNANCY_OUTCOME_CORE&quot;);
globalMap.put(&quot;RELATIONSHIP_TABLE&quot;,&quot;RELATIONSHIP_CORE&quot;);
globalMap.put(&quot;SOCIAL_GROUP_TABLE&quot;,&quot;SOCIAL_GROUP_REGISTRATION_CORE&quot;);
globalMap.put(&quot;VISIT_TABLE&quot;,&quot;VISIT_REGISTRATION_CORE&quot;);
globalMap.put(&quot;DEATH_TOHOH_TABLE&quot;,&quot;DEATH_TO_HOH_CORE&quot;);
globalMap.put(&quot;DEATH_HOH_RELATIONS&quot;,&quot;DEATH_TO_HOH_MEMBERSHIPTONEWHOH&quot;);
globalMap.put(&quot;CHANGE_HOH_TABLE&quot;,&quot;CHANGE_HOH_CORE&quot;);
globalMap.put(&quot;CHANGE_HOH_RELATIONS&quot;,&quot;CHANGE_HOH_MEMBERSHIPTONEWHOH&quot;);


/**
// odk tables
globalMap.put(&quot;BASELINE_TABLE&quot;,&quot;BASELINE_CORE&quot;.toLowerCase());
globalMap.put(&quot;DEATH_TABLE&quot;,&quot;DEATH_REGISTRATION_CORE&quot;.toLowerCase());
globalMap.put(&quot;IN_MIGRATION_TABLE&quot;,&quot;IN_MIGRATION_CORE&quot;.toLowerCase());
globalMap.put(&quot;LOCATION_TABLE&quot;,&quot;LOCATION_REGISTRATION_CORE&quot;.toLowerCase());
globalMap.put(&quot;MEMBERSHIP_TABLE&quot;,&quot;MEMBERSHIP_CORE&quot;.toLowerCase());
globalMap.put(&quot;OUT_MIGRATION_TABLE&quot;,&quot;OUT_MIGRATION_REGISTRATION_CORE&quot;.toLowerCase());
globalMap.put(&quot;OUTCOMES_TABLE&quot;,&quot;PREGNANCY_OUTCOME_OUTCOMES&quot;.toLowerCase());
globalMap.put(&quot;PREGNANCY_OBS_TABLE&quot;,&quot;PREGNANCY_OBSERVATION_CORE&quot;.toLowerCase());
globalMap.put(&quot;PREGNANCY_OUTCOME_TABLE&quot;,&quot;PREGNANCY_OUTCOME_CORE&quot;.toLowerCase());
globalMap.put(&quot;RELATIONSHIP_TABLE&quot;,&quot;RELATIONSHIP_CORE&quot;.toLowerCase());
globalMap.put(&quot;SOCIAL_GROUP_TABLE&quot;,&quot;SOCIAL_GROUP_REGISTRATION_CORE&quot;.toLowerCase());
globalMap.put(&quot;VISIT_TABLE&quot;,&quot;VISIT_REGISTRATION_CORE&quot;.toLowerCase());
globalMap.put(&quot;DEATH_TOHOH_TABLE&quot;,&quot;DEATH_TO_HOH_CORE&quot;.toLowerCase());
globalMap.put(&quot;DEATH_HOH_RELATIONS&quot;,&quot;DEATH_TO_HOH_MEMBERSHIPTONEWHOH&quot;.toLowerCase());
globalMap.put(&quot;CHANGE_HOH_TABLE&quot;,&quot;CHANGE_HOH_CORE&quot;.toLowerCase());
globalMap.put(&quot;CHANGE_HOH_RELATIONS&quot;,&quot;CHANGE_HOH_MEMBERSHIPTONEWHOH&quot;.toLowerCase());
*/

return;</string>
  </entry>
  <entry>
    <string>Preprocessor</string>
    <string>// Modify the message variable below to pre process data
// This script applies across all channels
return message;</string>
  </entry>
</map>